comment,sentiment
"–ü—Ñ—Ñ, –ø–æ–∫–∞ –µ–¥—É –Ω–µ–ª—å–∑—è –±—É–¥–µ—Ç —Å–∫–∞—á–∞—Ç—å –∏–∑ –∏–Ω—Ç–µ—Ä–Ω–µ—Ç–∞, –≤—ã –Ω–µ —Å–º–æ–∂–µ—Ç–µ –º–µ–Ω—è –Ω–∏—á–µ–º —É–¥–∏–≤–∏—Ç—å",{'neutral': 0.3557848632335663}
"""–ì—Ä–∞—Ñ–æ–Ω, –∫–∞–∫ –≤ –∂–∏–∑–Ω–∏"" –ø–æ–¥—ä–µ–∑–∂–∞–µ—Ç?",{'neutral': 0.91965252161026}
"–í–∏–¥—è—Ö –≤—Å–µ —Ä–∞–≤–Ω–æ –Ω–µ—Ç, –º–æ–∂–µ—Ç–µ –Ω–µ —Å–ø–µ—à–∏—Ç—å üòÑ",{'neutral': 0.7310686111450195}
"–†–µ–Ω–¥–µ—Ä –Ω–µ —Ä–∞–≤–Ω–æ —Ä–µ–∞–ª—å–Ω—ã–π —ç—Ñ—Ñ–µ–∫—Ç, —á—Ç–æ —Å –Ω–µ–π—Ä–æ—Å–µ—Ç—è–º–∏ —á—Ç–æ —Å –Ω–æ–≤–æ–º–æ–¥–Ω—ã–º–∏ –∞–ª–≥–æ—Ä–∏—Ç–º–∞–º–∏, –Ω–∞ –≤—ã—Ö–æ–¥–µ –∫–∞–∫ –ø—Ä–∞–≤–∏–ª–æ —Ä–µ–∑—É–ª—å—Ç–∞—Ç –Ω–∞ –ø–æ—Ä—è–¥–∫–∏ —Ö—É–∂–µ. 
–û—Å–æ–±–µ–Ω–Ω–æ —É—á–∏—Ç—ã–≤–∞—è —Ç–æ –∫–∞–∫–æ–π –¥—É—Ä–Ω–æ–π –º–∞—Ä–∫–µ—Ç–∏–Ω–≥ –≤–µ–¥–µ—Ç –ò–Ω—Ç–µ–ª –ø–æ—Å–ª–µ–¥–Ω–∏–µ –≥–æ–¥—ã.",{'neutral': 0.4921981394290924}
"–Ω—É –æ–∫–µ–π
–∞ –∫–∞–∫ –±—É–¥—É—Ç –æ—Ç–æ–±—Ä–∞–∂–∞—Ç—å—Å—è ""—Ä–µ–∞–ª—å–Ω—ã–µ"" —Ä–∞–∑–Ω–æ–æ–±—Ä–∞–∑–Ω—ã–µ –ø–æ–≤—Ä–µ–∂–¥–µ–Ω–∏—è –æ–∫—Ä—É–∂–µ–Ω–∏—è –≤–æ –≤—Ä–µ–º—è –∏–≥—Ä—ã –≤ –≥—Ç–∞?)",{'neutral': 0.9416641592979431}
"–ü—Ä–∏ —Å—Ä–µ–¥–Ω–µ–π —Ç–µ–Ω–¥–µ–Ω—Ü–∏–∏ —É–≤–µ–ª–∏—á–µ–Ω–∏—è –ø–æ–∫–∞–∑–∞—Ç–µ–ª–µ–π –ø—Ä–æ–∏–∑–≤–æ–¥–∏—Ç–µ–ª—å–Ω–æ—Å—Ç–∏ —Ç–æ–ø–æ–≤–æ–π –≤–∏–¥–µ–æ–∫–∞—Ä—Ç—ã nvidia –∫–∞–∂–¥—ã–µ –¥–≤–∞ –≥–æ–¥–∞ –Ω–∞ 42% (–µ—Å–ª–∏ –±—Ä–∞—Ç—å —Å gtx 690 –¥–æ 3090), –º–æ–∂–Ω–æ —É–∂–µ —Å–µ–π—á–∞—Å —Å–ø—Ä–æ–≥–Ω–æ–∑–∏—Ä–æ–≤–∞—Ç—å, —á—Ç–æ —Ç–æ–ø–æ–≤–∞—è –≤–∏–¥–µ–æ–∫–∞—Ä—Ç–∞ 2032 –≥–æ–¥–∞ –±—É–¥–µ—Ç —Ä–µ–Ω–¥–µ—Ä–∏—Ç—å –ø–æ–∫–∞–∑–∞–Ω–Ω—É—é –Ω–∞ –ø—Ä–∏–º–µ—Ä–µ –∫–∞—Ä—Ç–∏–Ω–∫—É —Å —á–∞—Å—Ç–æ—Ç–æ–π –∫–∞–¥—Ä–æ–≤ –æ–∫–æ–ª–æ 60 fps, –∞ –∫ 2040 –≥–æ–¥—É –≤–≤–∏–¥—É –Ω–∏–∫–æ–≥–æ –≥–∏–ø–µ—Ä—Ä–µ–∞–ª–∏—Å—Ç–∏—á–Ω–æ–π –≥—Ä–∞—Ñ–∏–∫–æ–π —É–¥–∏–≤–∏—Ç—å –±—É–¥–µ—Ç –Ω–µ–ª—å–∑—è.",{'neutral': 0.8962613940238953}
–†–µ–∞–ª—å–Ω–æ—Å—Ç—å –Ω–µ —Ç–∞–∫ –∫—Ä–∞—Å–æ—á–Ω–∞((,{'negative': 0.1968362182378769}
"–í–∏–¥—èx –≤ce pa–≤–Ωo –Ωe—Ç, –ºo–∂e—Çe –Ωe c–øe—à–∏—Ç—å üòÑ",{'positive': 0.5000100135803223}
"–•–º, –Ω—É –º–æ–∂–Ω–æ –Ω–µ –≤–µ—Å—å –∫–∞–¥—Ä, –∞ —Å–∫–∞–∂–µ–º –ª—é–¥–µ–π –∏–ª–∏ —Ç–æ–ª—å–∫–æ –º–∞—à–∏–Ω—ã —Ä–µ–Ω–¥–µ—Ä–∏—Ç—å —Ä–µ–∞–ª—å–Ω–æ –∏ –±—É–¥–µ—Ç —Ç–æ–≥–¥–∞ –∫—Ä—É—Ç–æ‚Ä¶ —Ö–æ—Ç—è –±—ã –Ω–∞ –¥–∞–Ω–Ω–æ–º —ç—Ç–∞–ø–µ",{'neutral': 0.3702353835105896}
–¥–æ–¥—É–º–∞–ª–∏—Å—å,{'neutral': 0.9886782765388489}
"–ü–æ–ª—Å–µ–∫—É–Ω–¥—ã –Ω–∞ –æ–¥–∏–Ω –∫–∞–¥—Ä –Ω–∞ —Ä—Ç—Ö3090? –° —Ç–∞–∫–∏–º –∂–µ —É—Å–ø–µ—Ö–æ–º –º–æ–∂–Ω–æ  –∏–≥—Ä–∞—Ç—å –≤ ""–∫–æ–º–ø—å—é—Ç–µ—Ä–Ω—ã–µ –∏–≥—Ä—ã"" –Ω–∞–Ω—è–≤ –ø—Ä–æ—Ñ–µ—Å—Å–∏–æ–Ω–∞–ª—å–Ω–æ–≥–æ —Ö—É–¥–æ–∂–Ω–∏–∫–∞, –∫–æ—Ç–æ—Ä—ã–π –±—É–¥–µ—Ç —Ç–µ–±–µ –Ω–∞ —Ö–æ–ª—Å—Ç–µ –º–∞—Å–ª–æ–º –∫–∞–∂–¥—ã–π –∫–∞–¥—Ä –æ—Ç—Ä–∏—Å–æ–≤—ã–≤–∞—Ç—å.",{'neutral': 0.8933194279670715}
–ú–∞–≥–∏—è —Å–∏–Ω–µ–≥–æ —Ñ–∏–ª—å—Ç—Ä–∞,{'neutral': 0.9802908897399902}
–ö–∞—Ç—Å—Ü–µ–Ω–∫–∏ –∑–∞–ø–∏–ª–∏—Ç—å,{'neutral': 0.754925012588501}
–°–º–æ—Ç—Ä–µ—Ç—å –≤ —à–∞–∫–∞–ª—å–Ω–æ–º 720—Ä —Ç–∞–∫–∏–µ —Å—Ä–∞–≤–Ω–µ–Ω–∏—è –±–µ—Å—Å–º—ã—Å–ª–µ–Ω–Ω–æ.,{'neutral': 0.9399233460426331}
–ì—Ç–∞ 5 –≤ –≥—Ç–∞ 4?–æ—á–µ–Ω—å —Ä–µ–∞–ª–µ—Å—Ç–∏—á–Ω–æ,{'neutral': 0.960371196269989}
"–•–º–º–º, –µ—Å–ª–∏ –¥–æ–≤–µ–¥—É—Ç –¥–æ —É–º–∞ —ç—Ç—É —Ç–µ—Ö–Ω–æ–ª–æ–≥–∏—é, –∞ Nvidia –µ—â–µ –∏ —Ä–∞–∑—Ä–∞–±–æ—Ç–∞–µ—Ç —è–¥—Ä–∞ —á–∏—Å—Ç–æ –ø–æ–¥ –Ω–µ–µ, –∫–∞–∫ –±—ã–ª–æ —Å RTX, –∞ –ø–æ—Ç–æ–º —Å–æ–≤–º–µ—Å—Ç–∏—Ç—å Microsoft Flight Simulator —Å –Ω–µ–π, —Ç–æ —ç—Ç–æ –±—É–¥–µ—Ç –∏–≥—Ä–∞ —Å —Ä–µ–∞–ª—å–Ω—ã–º –º–∏—Ä–æ–º, –µ—â–µ –∏ —Å —Ñ–æ—Ç–æ—Ä–µ–∞–ª–∏—Å—Ç–∏—á–Ω–æ–π –≥—Ä–∞—Ñ–∏–∫–æ–π",{'neutral': 0.6992644667625427}
–û—Ä–∏–≥–∏–Ω–∞–ª –ø–æ–ª—É—á—à–µ –≤—ã–≥–ª—è–¥–∏—Ç,{'neutral': 0.9732507467269897}
"–ù–µ–µ–µ, —è –≤ –∏–≥—Ä—ã —É—Ö–æ–∂—É, –ø–æ—Ç–æ–º—É —á—Ç–æ —Ç–∞–º –≤—Å—ë —è—Ä–∫–æ –∏ –∫—Ä–∞—Å–æ—á–Ω–æ, –∞ —Ç–∞–∫ –∏–≥—Ä–∞ —Å–µ—Ä–∞—è –∏ —Å–∫—É—á–Ω–∞—è, –Ω–µ –æ—Ç–ª–∏—á–∞—é—â–∞—è—Å—è –æ—Ç —Ä–µ–∞–ª—å–Ω–æ—Å—Ç–∏, –∏ —ç—Ç–æ –≤—ã–≥–ª—è–¥–∏—Ç –Ω–µ –æ—á–µ–Ω—å (",{'negative': 0.3557848632335663}
"–î–∞–∂–µ 3090 —Å–µ–π—á–∞—Å –Ω–µ –∫—É–ø–∏—à—å –¥–ª—è —ç—Ç–æ–≥–æ, –∏–∑-–∑–∞ —Å–∞–Ω–Ω—ã—Ö –º–∞–π–Ω–µ—Ä–æ–≤",{'neutral': 0.8267217874526978}
–ó–∞—à–∞–∫–∞–ª–∏–ª–∏ –∏ —É–±–∏–ª–∏ –±–∞–ª–∞–Ω—Å –±–µ–ª–æ–≥–æ. –ù–∞–π—Å.,{'neutral': 0.6150978803634644}
"–¢–∏–ø–∏—á–Ω—ã–µ –ø—Ä–æ–≥—Ä–∞–º–º–∏—Å—Ç—ã, –∫—Ç–æ –ø–æ—Å–æ–≤–µ—Ç—É–µ—Ç —Å–æ—Ñ—Ç –∫–∞–∫ —Å–¥–µ–ª–∞—Ç—å –∞–ø—Å–∫–µ–π–ª –≤–∏–¥–µ–æ –¥–æ –±–æ–ª–µ–µ –≤—ã—Å–æ–∫–æ–≥–æ —Ä–∞–∑—Ä–µ—à–µ–Ω–∏—è —Å –±–æ–ª–µ–µ –≤—ã—Å–æ–∫–æ–π —á–∞—Å—Ç–æ—Ç–æ–π –∫–∞–¥—Ä–æ–≤. –ò –∏–º–µ–Ω–Ω–æ —Ä–µ–∞–ª—å–Ω—ã–π –∞–ø—Å–∫–µ–π–ª —Å —Ä–µ–∞–ª—å–Ω—ã–º —É–ª—É—á—à–µ–Ω–∏–µ–º –∫–∞—Ä—Ç–∏–Ω–∫–∏ —Å —Ä–µ–∞–ª—å–Ω—ã–º —É–≤–µ–ª–∏—á–µ–Ω–∏–µ–º fps, –∞ –Ω–µ —Ç—É–ø–æ —É–≤–µ–ª–∏—á–µ–Ω–∏–µ —Ü–∏—Ñ–µ—Ä–æ–∫ –æ—Ç –∫–æ—Ç–æ—Ä—ã—Ö –ø—Ä–æ—Å—Ç–æ —Ä–∞–∑–¥—É–µ—Ç –≤–∏–¥–µ–æ—Ñ–∞–π–ª, –∞ –∫–∞—á–µ—Å—Ç–≤–æ –æ—Å—Ç–∞–Ω–µ—Ç—Å—è –ø—Ä–µ–∂–Ω–∏–º.",{'neutral': 0.8840492963790894}
